,est_B_L1_norm,true_G_L1_norm,est_G_L1_norm,est_G_L1_error,num_epochs,experiment_name,seed,S,dimension,initialization_method,regularization_parameter,max_epochs,batch_size,learning_rate,do_early_stopping,optimizer,num_controls,gradient_clip_val,do_shuffle,do_line_search,lbfgs_memory,stopping_threshold,divergence_threshold,profiler,walltime,true_G^S_L1_norm,est_G^S_L1_norm,est_G^S_L1_error
0,0.1054395,0.628081756297763,0.62799406,0.012297928979507,6760,S,0,4,10,identity,0.001,10000,100000,0.0005,True,ADAM,10,,False,True,100,0.1,inf,,1119.14705813996,-999,-999,-999
1,0.07735097,0.547085280468765,0.54691434,0.012576739786846,6209,S,0,4,20,identity,0.001,10000,100000,0.0005,True,ADAM,10,,False,True,100,0.1,inf,,1373.76690158399,-999,-999,-999
2,0.08266837,0.525768337005184,0.5252465,0.018300717148114,8228,S,0,4,50,identity,0.001,10000,100000,0.0005,True,ADAM,10,,False,True,100,0.1,inf,,2871.75584415201,-999,-999,-999
3,0.27854016,0.505333820413347,0.50415,0.052824618712039,10000,S,0,4,100,identity,0.001,10000,100000,0.0005,True,ADAM,10,,False,True,100,0.1,inf,,5636.0563308,-999,-999,-999
4,0.44229552,0.502936516913749,0.501914,0.163563126291946,9496,S,0,4,200,identity,0.001,10000,100000,0.0005,True,ADAM,10,,False,True,100,0.1,inf,,14004.061547642,-999,-999,-999
5,0.49758947,0.502427649419847,0.5019205,0.246354832931623,2817,S,0,4,500,identity,0.001,10000,100000,0.0005,True,ADAM,10,,False,True,100,0.1,inf,,9023.80647444399,7965803.38488822,7933711.5,32988.3871154032
