,experiment_name,est_B_L1_norm,true_F_L1_norm,est_F_L1_norm,est_F_L1_error,est_QR_constraint_violation,num_epochs,initial_state,F_type,include_treatment,seed,S,dimension,num_controls,low_dimensional_structure,low_dimensional_training,initialization_method,regularization_parameter,max_epochs,batch_size,learning_rate,do_early_stopping,optimizer,gradient_clip_val,do_shuffle,do_line_search,lbfgs_memory,stopping_threshold,divergence_threshold,profiler,walltime,true_F^S_L1_norm,est_F^S_L1_norm,est_F^S_L1_error
3,low rank initial test,0.00023243579,1.10447407376537,1.1044075,0.00019999519273,2.3207846110429E-08,3,identity,low_rank,False,0,1,10,10,RGQ,SVD,identity,0.001,10000,100000,1,True,L-BFGS,,False,True,100,0.1,inf,,0.616915941995103,1.10447407376537,1.10440754890442,0.00019999519273
4,low rank initial test,0.045119785,1.10447407376537,1.0889196,0.11027804857769,6.44962632700974E-08,39,identity,low_rank,False,0,1,10,10,RGQ,fixed,identity,0.001,10000,100000,1,True,L-BFGS,,False,True,100,0.1,inf,,5.14533316297457,1.10447407376537,1.0889196395874,0.11027804857769
5,low rank initial test,3.6995876E-05,1.10447407376537,1.1044735,1.90364421550734E-05,0.028481473170978,250,identity,low_rank,False,0,1,10,10,RGQ,supervised,identity,0.001,10000,100000,1,True,L-BFGS,,False,True,100,0.1,inf,,73.565575546003,1.10447407376537,1.10447347164154,1.90364421550734E-05
9,low rank initial test,0.1665811,1.38785668541453,1.3584929,0.17089035284046,2.65918390962572E-08,19,random,low_rank,False,0,1,10,10,RGQ,SVD,identity,0.001,10000,100000,1,True,L-BFGS,,False,True,100,0.1,inf,,3.41875134600559,1.38785668541453,1.35849285125732,0.17089035284046
10,low rank initial test,0.22793703,1.38785668541453,1.266567,0.448132074255712,3.71782705244073E-08,41,random,low_rank,False,0,1,10,10,RGQ,fixed,identity,0.001,10000,100000,1,True,L-BFGS,,False,True,100,0.1,inf,,5.42088752496056,1.38785668541453,1.26656699180603,0.448132074255712
11,low rank initial test,0.73445183,1.38785668541453,1.3500689,0.202531750382971,0.204738981656264,55,random,low_rank,False,0,1,10,10,RGQ,supervised,identity,0.001,10000,100000,1,True,L-BFGS,,False,True,100,0.1,inf,,9.57171741197817,1.38785668541453,1.35006892681122,0.202531750382971
